<?xml version="1.0" encoding="utf-8"?>
<openerp>
    <data>

        <record id="inherit_project_mom_calendar_event_form_veiw" model="ir.ui.view">
            <field name="name">Calendar Event Inherit - Project MOM</field>
            <field name="model">calendar.event</field>
            <field name="inherit_id" ref="calendar.view_calendar_event_form"/>
            <field name="arch" type="xml">
                <xpath expr='//field[@name="categ_ids"]' position='before'>
                    <field name="partner_id"/>
                    <field name="project_id"/>
                    <field name="task_id"/>
                </xpath>
                <xpath expr='//field[@name="state"]' position='before'>
                    <div class="oe_button_box" name="button_box">
                        <button class="oe_stat_button" type="action" name="%(project_mom_action)d" icon="terp-document-new" 
                                context="{'search_default_calendar_id': id}" domain="[('calendar_id','=',id)]"> 
                            <field string="MOM" name="project_mom_count" widget="statinfo"/>
                        </button>
                    </div>
                </xpath>
            </field>
        </record>

        <record id="inherit_project_mom_calendar_view_calendar_event_tree" model="ir.ui.view">
            <field name="name">Calendar Event Inherit - Project MOM</field>
            <field name="model">calendar.event</field>
            <field name="inherit_id" ref="calendar.view_calendar_event_tree"/>
            <field name="arch" type="xml">
                <xpath expr='//field[@name="partner_ids"]' position='after'>
                    <field name="partner_id"/>
                    <field name="project_id"/>
                    <field name="task_id"/>
                </xpath>
            </field>
        </record>
        
        <record id="inherit_project_mom_calendar_view_calendar_event_search" model="ir.ui.view">
            <field name="name">Calendar Event Inherit - Project MOM</field>
            <field name="model">calendar.event</field>
            <field name="inherit_id" ref="calendar.view_calendar_event_search"/>
            <field name="arch" type="xml">
                <xpath expr='//field[@name="partner_ids"]' position='after'>
                    <field name="partner_id"/>
                    <field name="project_id"/>
                    <field name="task_id"/>
                </xpath>
                <xpath expr='//group' position='inside'>
                    <filter string="Client" name="groupby_partner_id" domain="[]" context="{'group_by':'partner_id'}"/>
                    <filter string="Project" name="groupby_project_id" domain="[]" context="{'group_by':'project_id'}"/>
                    <filter string="Task" name="groupby_task_id" domain="[]" context="{'group_by':'task_id'}"/>
                </xpath>
            </field>
        </record>
        
    </data>
</openerp>

