<?xml version="1.0" encoding="utf-8"?>
<openerp>
    <data>

    	#Project MOM
    	<record model="ir.ui.view" id="project_mom_search_view">
            <field name="name">project.mom.form.view</field>
            <field name="model">project.mom</field>
            <field name="arch" type="xml">
                <search string="Issue Version">
                    <field name="name"/>
                    <field name="calendar_id"/>
                    <field name="partner_id"/>
                    <field name="project_id"/>
                    <field name="task_id"/>
                    <field name="start"/>
                    <group expand="0" string="Group By">
                        <filter string="Partner" name="groupby_partner" domain="[]" context="{'group_by':'partner_id'}"/>
                        <filter string="Project" name="groupby_project" domain="[]" context="{'group_by':'project_id'}"/>
                        <filter string="Task" name="groupby_task" domain="[]" context="{'group_by':'task_id'}"/>
                        <filter string="Date" name="groupby_date" domain="[]" context="{'group_by':'start'}"/>
                    </group>
                </search>
            </field>
        </record>

    	<record model="ir.ui.view" id="project_mom_tree_view">
            <field name="name">project.mom.tree.view</field>
            <field name="model">project.mom</field>
            <field name="arch" type="xml">
                <tree string="Issue Version">
                    <field name="name"/>
                    <field name="calendar_id"/>
                    <field name="start"/>
                    <field name="stop"/>
                    <field name="partner_id"/>
                    <field name="project_id"/>
                    <field name="task_id"/>
                </tree>
            </field>
        </record>
                        
        <record id="project_mom_form_view" model="ir.ui.view">
            <field name="name">project.mom.form.view</field>
            <field name="model">project.mom</field>
            <field name="arch" type="xml">
                <form string="Project">
	                <sheet>
	                    <div class="oe_title">
	                        <label for="name" class="oe_edit_only"/>
	                        <h1><field name="name"/></h1>
	                    </div>
	                	<group>
	                		<group>
		                		<field name="calendar_id" on_change="oc_calendar_event(calendar_id)" required='True'/>
		                		<field name="start"/>
		                		<field name="stop"/>
	                		</group>
	                		<group>
		                		<field name="partner_id"/>
		                		<field name="project_id"/>
		                		<field name="task_id"/>
	                		</group>
	                	</group>
	                    <notebook>
	                        <page string="Discussions">
	                        	<group>
	                        		<field name="discuss_ids" nolabel='1'>
										<tree string="Discussion" editable="bottom">
	                                        <field name="name"/>
	                                        <field name="note"/>
	                                        <field name="mom_id" invisible='1'/>
	                                        <field name="calendar_id" invisible='1'/>
	                                        <field name="start" invisible='1'/>
	                                        <field name="stop" invisible='1'/>
	                                        <field name="partner_id" invisible='1'/>
	                                        <field name="project_id" invisible='1'/>
	                                        <field name="task_id" invisible='1'/>
	                                    </tree>                     
	                                </field>       		
	                        	</group>
	                        </page>
	                        <page string="Policies">
	                        	<group>
	                        		<field name="policies_ids" nolabel='1'>
						<tree string="Policies" editable="bottom">
	                                        <field name="name"/>
	                                        <field name="note"/>
	                                        <field name="mom_id" invisible='1'/>
	                                        <field name="calendar_id" invisible='1'/>
	                                        <field name="start" invisible='1'/>
	                                        <field name="stop" invisible='1'/>
	                                        <field name="partner_id" invisible='1'/>
	                                        <field name="project_id" invisible='1'/>
	                                        <field name="task_id" invisible='1'/>
	                                        <field name="state"/>
	                                    </tree>                     
	                                </field>       		
	                        	</group>
	                        </page>
	                        <page string="Follow-up List">
	                        	<group>
	                        		<field name="fu_ids" nolabel='1'>
										<tree string="Follow Up By Artsys" editable="bottom" >
	                                        <field name="name"/>
	                                        <field name="note"/>
	                                        <field name="mom_id" invisible='1'/>
	                                        <field name="calendar_id" invisible='1'/>
	                                        <field name="start" invisible='1'/>
	                                        <field name="stop" invisible='1'/>
	                                        <field name="partner_id" invisible='1'/>
	                                        <field name="project_id" invisible='1'/>
	                                        <field name="task_id" invisible='1'/>
	                                        <field name="fuby"/>
	                                        <field name="state"/>
	                                    </tree>                     
	                                </field>       		
	                        	</group>
	                        </page>
	                        <page string="Project Task List">
	                        	<group>
	                        		<field name="task_ids" nolabel='1'>
						                <tree decoration-bf="message_needaction==True" decoration-danger="date_deadline and (date_deadline&lt;current_date)"  string="Task">
						                    <field name="message_needaction" invisible="1"/>
						                    <!-- <field name="sequence" invisible="not context.get('seq_visible', False)"/> -->
						                    <field name="id"/>
						                    <field name="sequence" invisible='1'/>
						                    <field name="name"/>
						                    <field name="project_id" invisible='1'/>
						                    <field name="module_id"/>
						                    <field name="partner_id" invisible='1'/>
						                    <field name="user_id" invisible="context.get('user_invisible', False)"/>
						                    <field name="project_manager_id" invisible='1'/>
						                    <field name="made_for_id" invisible='1'/>
						                    <field name="pic" invisible='1'/>
						                    <field name="priority"/>
						                    <field name="task_type"/>
						                    <field name="mandays" sum="Mandays Estimation" groups="project.group_time_work_estimation_tasks"/>
						                    <field name="planned_hours" invisible='1' sum="Planned Hours" groups="project.group_time_work_estimation_tasks"/>
						                    <field name="billable"/>
						                    <field name="date_deadline"/>
						                    <field name="date_assign" invisible='1'/>
						                    <field name="date_last_stage_update" invisible='1'/>
						                    <field name="stage_id" invisible="context.get('set_visible',False)"/>
						                </tree>
	                        		</field>
	                        	</group>
	                        </page>
	                    </notebook>
	                </sheet>
	                <div class="oe_chatter">
	                    <field name="message_follower_ids" widget="mail_followers" help="Follow this project to automatically track the events associated to tasks and issues of this project." groups="base.group_user"/>
	                    <field name="message_ids" widget="mail_thread"/>
	                </div>
                </form>
            </field>
        </record>

        <record id="project_mom_action" model="ir.actions.act_window">
            <field name="name">Minutes of Meeting (MOM)</field>
            <field name="res_model">project.mom</field>
            <field name="view_mode">tree,form</field>
            <field name="domain">[]</field>
            <field name="context">{}</field>
            <field name="view_type">form</field>
            <field name="view_id" ref="project_mom_tree_view"/>
            <field name="search_view_id" ref="project_mom_search_view"/>
        </record>
                
        <menuitem id="mom_menu" name="MOM" parent="base.menu_main_pm" sequence="20" groups="project.group_project_user"/>
        <menuitem action="project_mom_action" id="menu_project_mom" parent="mom_menu" sequence="10" groups="project.group_project_user"/>        
        	
        
        #Project Discussions
    	<record model="ir.ui.view" id="project_mom_discuss_search_view">
            <field name="name">project.mom.discuss.form.view</field>
            <field name="model">project.mom.discuss</field>
            <field name="arch" type="xml">
                <search string="Discussion">
                    <field name="name"/>
                    <field name="mom_id"/>
                    <field name="calendar_id"/>
                    <field name="partner_id"/>
                    <field name="project_id"/>
                    <field name="task_id"/>
                    <field name="start"/>
                    <group expand="0" string="Group By">
                        <filter string="Meeting" name="groupby_meeting" domain="[]" context="{'group_by':'mom_id'}"/>
                        <filter string="Partner" name="groupby_partner" domain="[]" context="{'group_by':'partner_id'}"/>
                        <filter string="Project" name="groupby_project" domain="[]" context="{'group_by':'project_id'}"/>
                        <filter string="Task" name="groupby_task" domain="[]" context="{'group_by':'task_id'}"/>
                        <filter string="Date" name="groupby_date" domain="[]" context="{'group_by':'start'}"/>
                    </group>
                </search>
            </field>
        </record>

    	<record model="ir.ui.view" id="project_mom_discuss_tree_view">
            <field name="name">project.mom.discuss.tree.view</field>
            <field name="model">project.mom.discuss</field>
            <field name="arch" type="xml">
                <tree string="Discussion">
                    <field name="name"/>
                    <field name="mom_id"/>
                    <field name="calendar_id"/>
                    <field name="start"/>
                    <field name="stop"/>
                    <field name="partner_id"/>
                    <field name="project_id"/>
                    <field name="task_id"/>
                </tree>
            </field>
        </record>
                        
        <record id="project_mom_disuss_form_view" model="ir.ui.view">
            <field name="name">project.mom.form.view</field>
            <field name="model">project.mom.discuss</field>
            <field name="arch" type="xml">
                <form string="Discussions">
                <header>
                </header>
                <sheet>
                    <div class="oe_title">
                        <label for="name" class="oe_edit_only"/>
                        <h1><field name="name"/></h1>
                    </div>
                	                	
                	<group>
                		<group string="Subjects to Discuss">
	                		<field name="calendar_id"/>
		                    <field name="start"/>
		                	<field name="stop"/>
                		</group>
                		<group string="Other Info">
	                		<field name="partner_id"/>
	                		<field name="project_id"/>
	                		<field name="task_id"/>
                			<field name="mom_id"/>
                		</group>
                	</group>
                	<group string="Discussion Detail">
	                		<field name="note" nolabel='1'/>
                	</group>
                </sheet>
                <div class="oe_chatter">
                    <field name="message_follower_ids" widget="mail_followers"/>
                    <field name="message_ids" widget="mail_thread"/>
                </div>
                </form>
            </field>
        </record>

        <record id="project_mom_discuss_action" model="ir.actions.act_window">
            <field name="name">MOM Discussions</field>
            <field name="res_model">project.mom.discuss</field>
            <field name="view_mode">tree,form</field>
            <field name="domain">[]</field>
            <field name="context">{}</field>
            <field name="view_type">form</field>
            <field name="view_id" ref="project_mom_discuss_tree_view"/>
            <field name="search_view_id" ref="project_mom_discuss_search_view"/>
        </record>
                
        <menuitem id="menu_project_mom_discuss" action="project_mom_discuss_action" parent="menu_project_mom" sequence="20" groups="project.group_project_user"/>        
        	        		
        #Project Policies
    	<record model="ir.ui.view" id="project_mom_policies_search_view">
            <field name="name">MOM Policies Search View</field>
            <field name="model">project.mom.policies</field>
            <field name="arch" type="xml">
                <search string="Policies">
                    <field name="name"/>
                    <field name="mom_id"/>
                    <field name="calendar_id"/>
                    <field name="partner_id"/>
                    <field name="project_id"/>
                    <field name="task_id"/>
                    <field name="start"/>
                    <field name="state"/>
                    <group expand="0" string="Group By">
                        <filter string="Meeting" name="groupby_meeting" domain="[]" context="{'group_by':'mom_id'}"/>
                        <filter string="Partner" name="groupby_partner" domain="[]" context="{'group_by':'partner_id'}"/>
                        <filter string="Project" name="groupby_project" domain="[]" context="{'group_by':'project_id'}"/>
                        <filter string="Task" name="groupby_task" domain="[]" context="{'group_by':'task_id'}"/>
                        <filter string="Date" name="groupby_date" domain="[]" context="{'group_by':'start'}"/>
                        <filter string="State" name="groupby_state" domain="[]" context="{'group_by':'state'}"/>
                    </group>
                </search>
            </field>
        </record>

    	<record model="ir.ui.view" id="project_mom_policies_tree_view">
            <field name="name">MOM Policies Tree View</field>
            <field name="model">project.mom.policies</field>
            <field name="arch" type="xml">
                <tree string="Policies">
                    <field name="name"/>
                    <field name="mom_id"/>
                    <field name="calendar_id"/>
                    <field name="start"/>
                    <field name="stop"/>
                    <field name="partner_id"/>
                    <field name="project_id"/>
                    <field name="task_id"/>
                    <field name="state"/>
                </tree>
            </field>
        </record>
                        
        <record id="project_mom_policies_form_view" model="ir.ui.view">
            <field name="name">MOM Policies Form View</field>
            <field name="model">project.mom.policies</field>
            <field name="arch" type="xml">
                <form string="Policies">
                <header>
                    <field name="state" widget="statusbar" clickable="True"/>
                </header>
                <sheet>
                    <div class="oe_title">
                        <label for="name" class="oe_edit_only"/>
                        <h1><field name="name"/></h1>
                    </div>
                	                	
                	<group>
                		<group string="Subjects to Discuss">
	                		<field name="calendar_id"/>
		                    <field name="start"/>
		                	<field name="stop"/>
                		</group>
                		<group string="Other Info">
	                		<field name="partner_id"/>
	                		<field name="project_id"/>
	                		<field name="task_id"/>
                			<field name="mom_id"/>
                		</group>
                	</group>
                	<group string="Policies Detail">
	                		<field name="note" nolabel='1'/>
                	</group>
                </sheet>
                <div class="oe_chatter">
                    <field name="message_follower_ids" widget="mail_followers"/>
                    <field name="message_ids" widget="mail_thread"/>
                </div>
                </form>
            </field>
        </record>

        <record id="project_mom_policies_action" model="ir.actions.act_window">
            <field name="name">MOM Policies</field>
            <field name="res_model">project.mom.policies</field>
            <field name="view_mode">tree,form</field>
            <field name="domain">[]</field>
            <field name="context">{}</field>
            <field name="view_type">form</field>
            <field name="view_id" ref="project_mom_policies_tree_view"/>
            <field name="search_view_id" ref="project_mom_policies_search_view"/>
        </record>
                
        <menuitem id="menu_project_mom_policies" action="project_mom_policies_action" parent="menu_project_mom" sequence="30" groups="project.group_project_user"/>        


        #Project Follow-up
    	<record model="ir.ui.view" id="project_mom_fu_search_view">
            <field name="name">MOM Follow-up Search View</field>
            <field name="model">project.mom.fu</field>
            <field name="arch" type="xml">
                <search string="Follow-up">
                    <field name="name"/>
                    <field name="fuby"/>
                    <field name="mom_id"/>
                    <field name="calendar_id"/>
                    <field name="partner_id"/>
                    <field name="project_id"/>
                    <field name="task_id"/>
                    <field name="start"/>
                    <field name="state"/>
                    <group expand="0" string="Group By">
                        <filter string="Meeting" name="groupby_meeting" domain="[]" context="{'group_by':'mom_id'}"/>
                        <filter string="Follo-up by" name="groupby_fuby" domain="[]" context="{'group_by':'fuby'}"/>
                        <filter string="Partner" name="groupby_partner" domain="[]" context="{'group_by':'partner_id'}"/>
                        <filter string="Project" name="groupby_project" domain="[]" context="{'group_by':'project_id'}"/>
                        <filter string="Task" name="groupby_task" domain="[]" context="{'group_by':'task_id'}"/>
                        <filter string="Date" name="groupby_date" domain="[]" context="{'group_by':'start'}"/>
                        <filter string="State" name="groupby_state" domain="[]" context="{'group_by':'state'}"/>
                    </group>
                </search>
            </field>
        </record>

    	<record model="ir.ui.view" id="project_mom_fu_tree_view">
            <field name="name">MOM Follow-up Tree View</field>
            <field name="model">project.mom.fu</field>
            <field name="arch" type="xml">
                <tree string="Follow-up">
                    <field name="name"/>
                    <field name="fuby"/>
                    <field name="mom_id"/>
                    <field name="calendar_id"/>
                    <field name="start"/>
                    <field name="stop"/>
                    <field name="partner_id"/>
                    <field name="project_id"/>
                    <field name="task_id"/>
                    <field name="state"/>
                </tree>
            </field>
        </record>
                        
        <record id="project_mom_fu_form_view" model="ir.ui.view">
            <field name="name">MOM Follow-up Form View</field>
            <field name="model">project.mom.fu</field>
            <field name="arch" type="xml">
                <form string="Follow-up">
                <header>
                    <field name="state" widget="statusbar" clickable="True"/>
                </header>
                <sheet>
                    <div class="oe_title">
                        <label for="name" class="oe_edit_only"/>
                        <h1><field name="name"/></h1>
                    </div>
                	<group>
                		<group string="Subjects to Discuss">
	                		<field name="fuby"/>
	                		<field name="calendar_id"/>
		                    <field name="start"/>
		                	<field name="stop"/>
                		</group>
                		<group string="Other Info">
	                		<field name="partner_id"/>
	                		<field name="project_id"/>
	                		<field name="task_id"/>
                			<field name="mom_id"/>
                		</group>
                	</group>
                	<group string="Follow-up Detail">
	                		<field name="note" nolabel='1'/>
                	</group>
                </sheet>
                <div class="oe_chatter">
                    <field name="message_follower_ids" widget="mail_followers"/>
                    <field name="message_ids" widget="mail_thread"/>
                </div>
                </form>
            </field>
        </record>

        <record id="project_mom_fu_action" model="ir.actions.act_window">
            <field name="name">MOM Follow-ups</field>
            <field name="res_model">project.mom.fu</field>
            <field name="view_mode">tree,form</field>
            <field name="domain">[]</field>
            <field name="context">{}</field>
            <field name="view_type">form</field>
            <field name="view_id" ref="project_mom_fu_tree_view"/>
            <field name="search_view_id" ref="project_mom_fu_search_view"/>
        </record>
                
        <menuitem id="menu_project_mom_fu" action="project_mom_fu_action" parent="menu_project_mom" sequence="40" groups="project.group_project_user"/>        
        	        	        	        	        	
    </data>
</openerp>

