<?xml version="1.0" encoding="utf-8"?>
<openerp>
    <data>

        <record id="inherited_project_mom_project_task_form_view" model="ir.ui.view">
            <field name="name">Project Tasks Form - Project MOM</field>
            <field name="model">project.task</field>
            <field name="inherit_id" ref="project.view_task_form2"/>
            <field name="arch" type="xml">
                <xpath expr='//field[@name="partner_id"]' position='after'>
                    <field name="calendar_id"/>
                    <field name="mom_id"/>
                </xpath>
            </field>
        </record>

        <record id="inherited_project_mom_project_task_tree_view" model="ir.ui.view">
            <field name="name">Project Task Tree - Project MOM</field>
            <field name="model">project.task</field>
            <field name="inherit_id" ref="project.view_task_tree2"/>
            <field name="arch" type="xml">
                <xpath expr='//field[@name="stage_id"]' position='before'>
                    <field name="calendar_id"/>
                    <field name="mom_id"/>
                </xpath>
            </field>
        </record>
                        
    </data>
</openerp>


