id,name,model_id:id,group_id:id,perm_read,perm_write,perm_create,perm_unlink
access_project_mom_project_user,project.mom_project_user,model_project_mom,project.group_project_user,1,1,1,0
access_project_mom_project_mngr,project.mom_project_mngr,model_project_mom,project.group_project_manager,1,1,1,1
access_project_mom_discuss_project_user,project.mom.discuss_project_user,model_project_mom_discuss,project.group_project_user,1,1,1,0
access_project_mom_discuss_project_mngr,project.mom.discuss_project_manager,model_project_mom_discuss,project.group_project_manager,1,1,1,1
access_project_mom_policies_project_user,project.mom.policies_project_user,model_project_mom_policies,project.group_project_user,1,1,1,0
access_project_mom_policies_project_mngr,project.mom.policies_project_manager,model_project_mom_policies,project.group_project_manager,1,1,1,1
access_project_mom_fu_project_user,project.mom.fu_project_user,model_project_mom_fu,project.group_project_user,1,1,1,0
access_project_mom_fu_project_mngr,project.mom.fu_project_manager,model_project_mom_fu,project.group_project_manager,1,1,1,1
